platform_number,project_name,pi_name,launch_date,launch_latitude,launch_longitude,dac
1900121,ArgoINDIA,MRavichandran,20021102020000,-10.0,56.0,IN
1900122,ArgoINDIA,MRavichandran,20021102000000,-5.0,76.0,IN
1902669,ArgoINDIA,MRavichandran,20230919202700,13.45,87.73,IN
1902670,ArgoINDIA,MRavichandran,20230926091300,6.26,88.65,IN
1902671,ArgoINDIA,MRavichandran,20231009163400,17.44,69.31,IN
1902672,ArgoINDIA,MRavichandran,20231010004600,18.12,68.37,IN
1902673,ArgoINDIA,MRavichandran,20231026112700,13.63,68.39,IN
1902674,ArgoINDIA,MRavichandran,20240130023000,-6.0,76.43,IN
1902675,ArgoINDIA,MRavichandran,20240116172000,-9.02,76.98,IN
1902676,ArgoINDIA,MRavichandran,20240128175000,-10.0,75.8,IN
1902677,ArgoINDIA,MRavichandran,20240117095000,-11.04,76.35,IN
1902767,ArgoINDIA,MRavichandran,20250320145500,-41.57,57.58,IN
1902785,ArgoINDIA,MRavichandran,20250501080400,-27.63,63.89,IN
2900226,ArgoINDIA,MRavichandran,20021020100500,6.0,85.0,IN
2900228,ArgoINDIA,MRavichandran,20021022125200,0.0,80.0,IN
